content_code,manifesto_code,candidate_code,section_title,section_summary,section_content,category,subcategory,priority_level,implementation_timeline,tags,keywords,target_audience,section_number,parent_section_code,sort_order,content_type,content_status,verification_status,published_at,last_reviewed_at,reviewed_by
"ke/nairobi/westlands/2022-general-election/johnson-arthur-sakaja-super-senator/nairobi-urban-development-manifesto/transport-infrastructure","ke/nairobi/westlands/2022-general-election/johnson-arthur-sakaja-super-senator/nairobi-urban-development-manifesto","ke/nairobi/westlands/2022-general-election/johnson-arthur-sakaja-super-senator","Transport Infrastructure Revolution","Complete overhaul of Nairobi's transport system including roads, rail, and public transport","We will invest KES 200 billion in transport infrastructure over 5 years. This includes completing the Nairobi Expressway, expanding commuter rail, and developing a comprehensive BRT system. Every major road will be rehabilitated and new bypasses constructed to decongest the city.","infrastructure","transport","high","medium-term","[""roads"", ""rail"", ""brt"", ""expressway""]","[""transport"", ""infrastructure"", ""traffic"", ""commuting""]","[""commuters"", ""drivers"", ""businesses"", ""residents""]","1.1","",1,"policy","verified",,"2022-06-15T00:00:00","2022-07-01T00:00:00",,
"ke/nairobi/westlands/2022-general-election/johnson-arthur-sakaja-super-senator/nairobi-urban-development-manifesto/affordable-housing","ke/nairobi/westlands/2022-general-election/johnson-arthur-sakaja-super-senator/nairobi-urban-development-manifesto","ke/nairobi/westlands/2022-general-election/johnson-arthur-sakaja-super-senator","Affordable Housing for All","Construction of 100,000 affordable housing units across Nairobi","Housing is a basic right. We will partner with private developers to construct 100,000 affordable housing units. Special focus on low-income areas with mortgage facilities at 5% interest rate. We will also upgrade informal settlements with proper infrastructure.","housing","affordable-housing","high","medium-term","[""housing"", ""mortgage"", ""settlements"", ""development""]","[""affordable"", ""housing"", ""mortgages"", ""slums""]","[""low-income"", ""youth"", ""families"", ""informal-settlers""]","1.2","",2,"policy","verified",,"2022-06-15T00:00:00","2022-07-01T00:00:00",,
"ke/nairobi/westlands/2022-general-election/johnson-arthur-sakaja-super-senator/nairobi-urban-development-manifesto/healthcare-systems","ke/nairobi/westlands/2022-general-election/johnson-arthur-sakaja-super-senator/nairobi-urban-development-manifesto","ke/nairobi/westlands/2022-general-election/johnson-arthur-sakaja-super-senator","Universal Healthcare System","Establishment of comprehensive healthcare facilities in every sub-county","Healthcare is not a privilege but a right. We will establish 24-hour hospitals in every sub-county, equip them with modern facilities, and ensure adequate staffing. NHIF coverage will be expanded to cover all Nairobi residents.","healthcare","universal-health","high","short-term","[""healthcare"", ""hospitals"", ""nhif"", ""medical""]","[""health"", ""hospitals"", ""insurance"", ""treatment""]","[""all-residents"", ""low-income"", ""elderly"", ""children""]","1.3","",3,"policy","verified",,"2022-06-15T00:00:00","2022-07-01T00:00:00",,
"ke/nairobi/westlands/2022-general-election/johnson-arthur-sakaja-super-senator/youth-empowerment-plan/job-creation-program","ke/nairobi/westlands/2022-general-election/johnson-arthur-sakaja-super-senator/youth-empowerment-plan","ke/nairobi/westlands/2022-general-election/johnson-arthur-sakaja-super-senator","Youth Job Creation Program","Creation of 500,000 jobs through various initiatives","Our youth unemployment crisis requires urgent action. We will create 500,000 jobs through infrastructure projects, ICT hubs, agricultural programs, and support for SMEs. Every ward will have a youth employment center.","economy","job-creation","high","short-term","[""jobs"", ""youth"", ""employment"", ""smes""]","[""unemployment"", ""jobs"", ""youth"", ""careers""]","[""youth"", ""graduates"", ""unemployed"", ""entrepreneurs""]","2.1","",1,"policy","verified",,"2022-07-01T00:00:00","2022-07-15T00:00:00",,
"ke/nairobi/westlands/2022-general-election/johnson-arthur-sakaja-super-senator/youth-empowerment-plan/skills-development","ke/nairobi/westlands/2022-general-election/johnson-arthur-sakaja-super-senator/youth-empowerment-plan","ke/nairobi/westlands/2022-general-election/johnson-arthur-sakaja-super-senator","Skills Development Initiative","Vocational training and skills development for market-relevant skills","Skills are the currency of the future. We will establish 50 vocational training centers across Nairobi offering courses in ICT, construction, hospitality, and entrepreneurship. Partnerships with industry will ensure curriculum relevance.","education","skills-development","high","short-term","[""skills"", ""training"", ""vocational"", ""ict""]","[""skills"", ""training"", ""vocational"", ""technical""]","[""youth"", ""students"", ""job-seekers"", ""career-changers""]","2.2","",2,"policy","verified",,"2022-07-01T00:00:00","2022-07-15T00:00:00",,
"ke/nairobi/westlands/2022-general-election/william-samoei-ruto-riggy-g/bottom-up-economic-agenda/small-business-support","ke/nairobi/westlands/2022-general-election/william-samoei-ruto-riggy-g/bottom-up-economic-agenda","ke/nairobi/westlands/2022-general-election/william-samoei-ruto-riggy-g","Small Business Support Fund","KES 50 billion fund to support small and medium enterprises","Small businesses are the backbone of our economy. We will establish a KES 50 billion fund providing low-interest loans to SMEs. Business incubation centers will be established in every constituency to support startups.","economy","sme-support","high","short-term","[""sme"", ""business"", ""loans"", ""startups""]","[""business"", ""small-enterprise"", ""loans"", ""entrepreneurship""]","[""entrepreneurs"", ""business-owners"", ""startups"", ""youth""]","3.1","",1,"policy","verified",,"2022-05-10T00:00:00","2022-05-25T00:00:00",,
"ke/nairobi/westlands/2022-general-election/william-samoei-ruto-riggy-g/bottom-up-economic-agenda/agricultural-development","ke/nairobi/westlands/2022-general-election/william-samoei-ruto-riggy-g/bottom-up-economic-agenda","ke/nairobi/westlands/2022-general-election/william-samoei-ruto-riggy-g","Agricultural Development Program","Support for urban agriculture and food security","Food security is national security. We will promote urban farming, support agricultural cooperatives, and establish markets for farm produce. Cold storage facilities will be built to reduce post-harvest losses.","agriculture","urban-farming","medium","medium-term","[""agriculture"", ""farming"", ""food-security"", ""cooperatives""]","[""farming"", ""agriculture"", ""food"", ""cooperatives""]","[""farmers"", ""urban-residents"", ""cooperatives"", ""food-vendors""]","3.2","",2,"policy","verified",,"2022-05-10T00:00:00","2022-05-25T00:00:00",,
"ke/nairobi/westlands/2022-general-election/raila-odinga/azimio-la-umoja-manifesto/social-protection","ke/nairobi/westlands/2022-general-election/raila-odinga/azimio-la-umoja-manifesto","ke/nairobi/westlands/2022-general-election/raila-odinga","Social Protection Framework","Comprehensive social safety net for vulnerable populations","No one should be left behind. We will expand cash transfer programs, establish universal health coverage, and provide social pensions for the elderly. Persons with disabilities will receive special support and protection.","social-welfare","social-protection","high","short-term","[""social-protection"", ""cash-transfers"", ""pensions"", ""disability""]","[""welfare"", ""protection"", ""vulnerable"", ""support""]","[""elderly"", ""disabled"", ""poor"", ""vulnerable""]","4.1","",1,"policy","verified",,"2022-06-01T00:00:00","2022-06-15T00:00:00",,
"ke/nairobi/westlands/2022-general-election/esther-passaris/women-empowerment-manifesto/economic-empowerment","ke/nairobi/westlands/2022-general-election/esther-passaris/women-empowerment-manifesto","ke/nairobi/westlands/2022-general-election/esther-passaris","Women Economic Empowerment","Financial inclusion and economic opportunities for women","When women thrive, economies grow. We will establish women's enterprise funds, provide access to credit, and ensure women's participation in government procurement. Women will own 30% of all government contracts.","women","economic-empowerment","high","short-term","[""women"", ""economic"", ""enterprise"", ""credit""]","[""women"", ""business"", ""finance"", ""empowerment""]","[""women"", ""entrepreneurs"", ""business-women"", ""professionals""]","5.1","",1,"policy","verified",,"2022-06-25T00:00:00","2022-07-10T00:00:00",,
